{"cameraMode":{"drawMode":0,"name":"Shaded","section":"Shading Mode"},"sceneLighting":true,"audioPlay":false,"sceneViewState":{"m_AlwaysRefresh":false,"showFog":true,"showSkybox":true,"showFlares":true,"showImageEffects":true,"showParticleSystems":true,"showVisualEffectGraphs":true,"m_FxEnabled":true},"in2DMode":false,"pivot":{"x":12.431585311889649,"y":11.38719654083252,"z":19.665443420410158},"rotation":{"x":-0.14606471359729768,"y":0.7931751012802124,"z":-0.2095666527748108,"w":-0.552830696105957},"size":0.006327513605356216,"orthographic":false}